[
  {
    "name": "Vijay",
    "age": 14,
    "regid": "HPE001",
    "phy": 99,
    "chem": 98,
    "math": 97,
    "bio": 96,
    "avg": 0,
    "rank": 0
  },
  {
    "name": "Aryan",
    "age": 14,
    "regid": "HPE002",
    "phy": 98,
    "chem": 91,
    "math": 93,
    "bio": 96,
    "avg": 0,
    "rank": 0
  },
  {
    "name": "Muni",
    "age": 14,
    "regid": "HPE003",
    "phy": 97,
    "chem": 98,
    "math": 97,
    "bio": 94,
    "avg": 0,
    "rank": 0
  },
  {
    "name": "Abhi",
    "age": 14,
    "regid": "HPE004",
    "phy": 96,
    "chem": 93,
    "math": 97,
    "bio": 95,
    "avg": 0,
    "rank": 0
  },
  {
    "name": "Hemanth",
    "age": 14,
    "regid": "HPE005",
    "phy": 94,
    "chem": 91,
    "math": 93,
    "bio": 96,
    "avg": 0,
    "rank": 0
  },
  {
    "name": "Grace",
    "age": 14,
    "regid": "HPE006",
    "phy": 94,
    "chem": 95,
    "math": 96,
    "bio": 97,
    "avg": 0,
    "rank": 0
  },
  {
    "name": "Ankita",
    "age": 14,
    "regid": "CAP007",
    "phy": 99,
    "chem": 99,
    "math": 99,
    "bio": 99,
    "avg": 0,
    "rank": 0
  },
  {
    "name": "John",
    "age": 14,
    "regid": "HPE008",
    "phy": 96,
    "chem": 93,
    "math": 97,
    "bio": 95,
    "avg": 0,
    "rank": 0
  },
  {
    "name": "Chris",
    "age": 14,
    "regid": "HPE009",
    "phy": 94,
    "chem": 91,
    "math": 93,
    "bio": 96,
    "avg": 0,
    "rank": 0
  },
  {
    "name": "Grace",
    "age": 14,
    "regid": "ORA006",
    "phy": 94,
    "chem": 95,
    "math": 96,
    "bio": 97,
    "avg": 0,
    "rank": 0
  },
  {
    "name": "Ankita",
    "age": 14,
    "regid": "INF007",
    "phy": 99,
    "chem": 99,
    "math": 99,
    "bio": 99,
    "avg": 0,
    "rank": 0
  }
]

